{"cameraMode":{"drawMode":0,"name":"Shaded","section":"Shading Mode"},"sceneLighting":true,"audioPlay":false,"sceneViewState":{"showFog":false,"showMaterialUpdate":false,"showSkybox":false,"showFlares":false,"showImageEffects":false,"showParticleSystems":false},"in2DMode":false,"pivot":{"x":-1.9729020595550538,"y":1.494832992553711,"z":-5.549653053283691},"rotation":{"x":-0.12018276005983353,"y":-0.14597484469413758,"z":0.017913106828927995,"w":-0.9818335175514221},"size":3.627739429473877,"orthographic":false}