{"cameraMode":{"drawMode":0,"name":"Shaded","section":"Shading Mode"},"sceneLighting":true,"audioPlay":false,"sceneViewState":{"showFog":false,"showMaterialUpdate":false,"showSkybox":false,"showFlares":false,"showImageEffects":false,"showParticleSystems":false},"in2DMode":false,"pivot":{"x":6.907048225402832,"y":-0.5784001350402832,"z":5.3443403244018559},"rotation":{"x":-0.0925980880856514,"y":-0.3552921712398529,"z":0.035437677055597308,"w":-0.9295206665992737},"size":13.791912078857422,"orthographic":false}